[
    {
        "cloneof": "",
        "description": "Ghosts'n Goblins (World? set 1)",
        "id_game": "6796",
        "isbios": "No",
        "isdevice": "No",
        "ismechanical": "No",
        "manufacturer": "Capcom",
        "name": "gng",
        "romof": "",
        "runnable": "Yes",
        "sourcefile": "gng.cpp",
        "year": "1985",
        "flyer": "http://www.planetaguru.com.ar/armamews/games/gng/flyers",
        "marquees": "http://www.planetaguru.com.ar/armamews/games/gng/marquees",
    },
    {
        "cloneof": "",
        "description": "Rygar (US set 1)",
        "id_game": "22295",
        "isbios": "No",
        "isdevice": "No",
        "ismechanical": "No",
        "manufacturer": "Tecmo",
        "name": "rygar",
        "romof": "",
        "runnable": "Yes",
        "sourcefile": "tecmo.cpp",
        "year": "1986",
        "marquees": "http://www.planetaguru.com.ar/armamews/games/rygar/marquees",
        "flyer": "http://www.planetaguru.com.ar/armamews/games/rygar/flyers"
    },
    {
        "cloneof": "puckman",
        "description": "Pac-Man (Midway)",
        "id_game": "19705",
        "isbios": "No",
        "isdevice": "No",
        "ismechanical": "No",
        "manufacturer": "Namco (Midway license)",
        "name": "pacman",
        "romof": "puckman",
        "runnable": "Yes",
        "sourcefile": "pacman.cpp",
        "year": "1980",
        "marquees": "http://www.planetaguru.com.ar/armamews/games/pacman/marquees",
        "flyer": "http://www.planetaguru.com.ar/armamews/games/pacman/flyers"
    },
    {
        "cloneof": "",
        "description": "Flying Shark (World)",
        "id_game": "6175",
        "isbios": "No",
        "isdevice": "No",
        "ismechanical": "No",
        "manufacturer": "Toaplan / Taito Corporation",
        "name": "fshark",
        "romof": "",
        "runnable": "Yes",
        "sourcefile": "twincobr.cpp",
        "year": "1987",
        "marquees": "http://www.planetaguru.com.ar/armamews/games/fshark/marquees",
        "flyer": "http://www.planetaguru.com.ar/armamews/games/fshark/flyers"
    },
    {
        "cloneof": "",
        "description": "1942 (Revision B)",
        "id_game": "19",
        "isbios": "No",
        "isdevice": "No",
        "ismechanical": "No",
        "manufacturer": "Capcom",
        "name": "1942",
        "romof": "",
        "runnable": "Yes",
        "sourcefile": "1942.cpp",
        "year": "1984",
        "marquees": "http://www.planetaguru.com.ar/armamews/games/1942/marquees",
        "flyer": "http://www.planetaguru.com.ar/armamews/games/1942/flyers"
    },
    {
        "cloneof": "",
        "description": "Avengers (US set 1)",
        "id_game": "1288",
        "isbios": "No",
        "isdevice": "No",
        "ismechanical": "No",
        "manufacturer": "Capcom",
        "name": "avengers",
        "romof": "",
        "runnable": "Yes",
        "sourcefile": "lwings.cpp",
        "year": "1987",
        "marquees": "http://www.planetaguru.com.ar/armamews/games/avengers/marquees",
        "flyer": "http://www.planetaguru.com.ar/armamews/games/avengers/flyers"
    },
    {
        "cloneof": "",
        "description": "Toki (World, set 1)",
        "id_game": "30891",
        "isbios": "No",
        "isdevice": "No",
        "ismechanical": "No",
        "manufacturer": "TAD Corporation",
        "name": "toki",
        "romof": "",
        "runnable": "Yes",
        "sourcefile": "toki.cpp",
        "year": "1989",
        "marquees": "http://www.planetaguru.com.ar/armamews/games/toki/marquees",
        "flyer": "http://www.planetaguru.com.ar/armamews/games/toki/flyers"
    },
    {
        "cloneof": "",
        "description": "Tokio / Scramble Formation (newer)",
        "id_game": "30895",
        "isbios": "No",
        "isdevice": "No",
        "ismechanical": "No",
        "manufacturer": "Taito Corporation",
        "name": "tokio",
        "romof": "",
        "runnable": "Yes",
        "sourcefile": "bublbobl.cpp",
        "year": "1986",
        "marquees": "http://www.planetaguru.com.ar/armamews/games/tokio/marquees",
        "flyer": "http://www.planetaguru.com.ar/armamews/games/tokio/flyers"
    },
    {
        "cloneof": "",
        "description": "Wonder Boy (set 1, 315-5177)",
        "id_game": "31901",
        "isbios": "No",
        "isdevice": "No",
        "ismechanical": "No",
        "manufacturer": "Escape (Sega license)",
        "name": "wboy",
        "romof": "",
        "runnable": "Yes",
        "sourcefile": "system1.cpp",
        "year": "1986",
        "marquees": "http://www.planetaguru.com.ar/armamews/games/wboy/marquees",
        "flyer": "http://www.planetaguru.com.ar/armamews/games/wboy/flyers"
    },
    {
        "cloneof": "",
        "description": "Pang (World)",
        "id_game": "19744",
        "isbios": "No",
        "isdevice": "No",
        "ismechanical": "No",
        "manufacturer": "Mitchell",
        "name": "pang",
        "romof": "",
        "runnable": "Yes",
        "sourcefile": "mitchell.cpp",
        "year": "1989",
        "marquees": "http://www.planetaguru.com.ar/armamews/games/pang/marquees",
        "flyer": "http://www.planetaguru.com.ar/armamews/games/pang/flyers"
    },
    {
        "cloneof": "",
        "description": "Cabal (World, Joystick)",
        "id_game": "2220",
        "isbios": "No",
        "isdevice": "No",
        "ismechanical": "No",
        "manufacturer": "TAD Corporation",
        "name": "cabal",
        "romof": "",
        "runnable": "Yes",
        "sourcefile": "cabal.cpp",
        "year": "1988",
        "marquees": "http://www.planetaguru.com.ar/armamews/games/cabal/marquees",
        "flyer": "http://www.planetaguru.com.ar/armamews/games/cabal/flyers"
    },
    {
        "cloneof": "",
        "description": "Space Harrier",
        "id_game": "28425",
        "isbios": "No",
        "isdevice": "No",
        "ismechanical": "No",
        "manufacturer": "Sega",
        "name": "sharrier",
        "romof": "",
        "runnable": "Yes",
        "sourcefile": "segahang.cpp",
        "year": "19",
        "marquees": "http://www.planetaguru.com.ar/armamews/games/sharrier/marquees",
        "flyer": "http://www.planetaguru.com.ar/armamews/games/sharrier/flyers"
    },
    {
        "cloneof": "",
        "description": "Out Run (sitdown/upright, Rev B)",
        "id_game": "19650",
        "isbios": "No",
        "isdevice": "No",
        "ismechanical": "No",
        "manufacturer": "Sega",
        "name": "outrun",
        "romof": "",
        "runnable": "Yes",
        "sourcefile": "segaorun.cpp",
        "year": "1986",
        "marquees": "http://www.planetaguru.com.ar/armamews/games/outrun/marquees",
        "flyer": "http://www.planetaguru.com.ar/armamews/games/outrun/flyers"
    },
    {
        "cloneof": "",
        "description": "Commando (World)",
        "id_game": "2849",
        "isbios": "No",
        "isdevice": "No",
        "ismechanical": "No",
        "manufacturer": "Capcom",
        "name": "commando",
        "romof": "",
        "runnable": "Yes",
        "sourcefile": "commando.cpp",
        "year": "1985",
        "marquees": "http://www.planetaguru.com.ar/armamews/games/commando/marquees",
        "flyer": "http://www.planetaguru.com.ar/armamews/games/commando/flyers"
    },
    {
        "cloneof": "",
        "description": "Shinobi (set 6, System 16A)",
        "id_game": "28444",
        "isbios": "No",
        "isdevice": "No",
        "ismechanical": "No",
        "manufacturer": "Sega",
        "name": "shinobi",
        "romof": "",
        "runnable": "Yes",
        "sourcefile": "segas16a.cpp",
        "year": "1987",
        "marquees": "http://www.planetaguru.com.ar/armamews/games/shinobi/marquees",
        "flyer": "http://www.planetaguru.com.ar/armamews/games/shinobi/flyers"
    }
]
